Flavor;nrWorker;batch;learningRate;momentum;sync;sizeSeconds;time;acc;cost
intel14_v2;1;1;1e-06;0.99;sync;222;238.40569686889648;0.17671936245550204;0.07973346084170871
intel14_v2;1;1;1e-06;0.99;sync;666;682.4981927871704;0.2524531095996121;0.22825772892104254
intel14_v2;1;1;1e-06;0.99;sync;2000;2008.0744948387146;0.41723153961587833;0.6715893588293923
intel14_v2;1;1;1e-06;0.99;sync;6000;6004.975471973419;0.5484716463395329;2.0083306856266656
intel14_v2;1;1;1e-06;0.99;sync;18000;17703.80159187317;0.6059271270326899;5.920938087948693
intel14_v2;2;1;1e-05;0.95;sync;222;229.0757999420166;0.27076832640694165;0.13846359463161892
intel14_v2;2;1;1e-05;0.95;sync;666;670.4615731239319;0.3739596587949643;0.40525677308824326
intel14_v2;2;1;1e-05;0.95;sync;2000;2017.5186569690704;0.6042886367175764;1.2194779437679715
intel14_v2;2;1;1e-05;0.95;sync;6000;6016.046277999878;0.8001842200105754;3.636365750257704
intel14_v2;2;1;1e-05;0.95;sync;18000;17586.41549706459;0.9535336730037312;10.630011144892375
intel14_v2;2;1;1e-06;0.95;sync;222;235.29524302482605;0.36499947773084024;0.14222290245056152
intel14_v2;2;1;1e-06;0.95;sync;666;686.5317950248718;0.4150008458554468;0.41497032943725587
intel14_v2;2;1;1e-06;0.95;sync;2000;2006.6310758590698;0.5278911754319675;1.2128970058525934
intel14_v2;2;1;1e-06;0.95;sync;6000;6016.644003868103;0.6125361349042744;3.6367270423380536
intel14_v2;2;1;1e-06;0.95;sync;18000;17583.670161008835;0.7453141186899651;10.628351741765341
intel14_v2;2;2;0.0001;0.9;sync;222;231.0489730834961;0.16137565276903845;0.1396562681749132
intel14_v2;2;2;0.0001;0.9;sync;666;670.9367859363556;0.30005864938976445;0.40554401283264163
intel14_v2;2;2;0.0001;0.9;sync;2000;2010.1543180942535;0.5953842814422892;1.2150266100480822
intel14_v2;2;2;0.0001;0.9;sync;6000;6006.8513350486755;0.8492050636934073;3.630807918073866
intel14_v2;2;2;0.0001;0.9;sync;18000;17586.523661136627;0.9601482275201192;10.630076524064807
intel14_v2;2;1;0.0001;0.95;sync;222;233.55834293365479;0.4511846637140132;0.141173042839898
intel14_v2;2;1;0.0001;0.95;sync;666;682.4644770622253;0.5155890644306834;0.4125118616909451
intel14_v2;2;1;0.0001;0.95;sync;2000;2008.4073369503021;0.6567950142187314;1.2139706570010715
intel14_v2;2;1;0.0001;0.95;sync;6000;6003.312685012817;0.8535209098819968;3.6286690007188587
intel14_v2;2;1;0.0001;0.95;sync;18000;17592.885757923126;0.9471485515750822;10.633922058122423
intel14_v2;2;2;1e-06;0.99;async;222;230.79274797439575;0.40538287221998515;0.13950139433119033
intel14_v2;2;2;1e-06;0.99;async;666;681.345113992691;0.4330264763498886;0.4118352689022488
intel14_v2;2;2;1e-06;0.99;async;2000;2017.1154041290283;0.5037180269387913;1.2192341998291016
intel14_v2;2;2;1e-06;0.99;async;6000;6007.771554946899;0.5988902040247471;3.6313641398790146
intel14_v2;2;2;1e-06;0.99;async;18000;17224.480421066284;0.6991020115034999;10.41124149895562
intel14_v2;2;1;1e-06;0.99;async;222;222.42792391777039;0.24547682609821972;0.13444532290140787
intel14_v2;2;1;1e-06;0.99;async;666;691.1395580768585;0.3536218243149706;0.4177554662153456
intel14_v2;2;1;1e-06;0.99;async;2000;2014.5142030715942;0.5230698061953637;1.2176619183010526
intel14_v2;2;1;1e-06;0.99;async;6000;6003.272975921631;0.6105874475195417;3.628644998779297
intel14_v2;2;1;1e-06;0.99;async;18000;17220.53851389885;0.7161774742967596;10.408858835067749
intel14_v2;2;2;0.0001;0.95;sync;222;240.695641040802;0.3598009941280693;0.14548714302910698
intel14_v2;2;2;0.0001;0.95;sync;666;679.0669980049133;0.41101209836708896;0.4104582743496365
intel14_v2;2;2;0.0001;0.95;sync;2000;2008.6675939559937;0.5812704127751683;1.2141279679022896
intel14_v2;2;2;0.0001;0.95;sync;6000;6001.292933940887;0.8049929112454326;3.62744817340427
intel14_v2;2;2;0.0001;0.95;sync;18000;17592.487669944763;0.9544210353796515;10.633681436055502
intel14_v2;1;1;1e-05;0.99;sync;222;237.12713599205017;0.16294863367585274;0.07930585325956345
intel14_v2;1;1;1e-05;0.99;sync;666;679.1097328662872;0.29332758680579835;0.22712447732528052
intel14_v2;1;1;1e-05;0.99;sync;2000;2007.8731529712677;0.474720858324405;0.6715220211603906
intel14_v2;1;1;1e-05;0.99;sync;6000;6008.342376947403;0.6174280988398355;2.009456728290187
intel14_v2;1;1;1e-05;0.99;sync;18000;17700.384264945984;0.7581173326988915;5.919795181943046
intel14_v2;2;1;1e-06;0.9;sync;222;233.6056718826294;0.4186129491476052;0.1412016505601671
intel14_v2;2;1;1e-06;0.9;sync;666;680.7525858879089;0.44678050969267463;0.41147711858113606
intel14_v2;2;1;1e-06;0.9;sync;2000;2001.2085950374603;0.5309538685652491;1.209619417444865
intel14_v2;2;1;1e-06;0.9;sync;6000;6018.064332962036;0.6346781779670538;3.637585552368164
intel14_v2;2;1;1e-06;0.9;sync;18000;17585.504075050354;0.7650172173619714;10.629460240919325
intel14_v2;1;2;1e-06;0.9;sync;222;230.33333683013916;0.3161155379535986;0.07703370487319099
intel14_v2;1;2;1e-06;0.9;sync;666;679.3205659389496;0.34423272502905145;0.2271949892751376
intel14_v2;1;2;1e-06;0.9;sync;2000;2011.0098600387573;0.440166899674772;0.6725710754129621
intel14_v2;1;2;1e-06;0.9;sync;6000;6008.7014009952545;0.5246588974191465;2.009576801888413
intel14_v2;1;2;1e-06;0.9;sync;18000;17723.32171201706;0.5932703638063637;5.927466483685706
intel14_v2;2;1;1e-06;0.95;async;222;239.87617206573486;0.36378553572773775;0.1449918195597331
intel14_v2;2;1;1e-06;0.95;async;666;688.2085490226746;0.41098774462617355;0.41598383407592776
intel14_v2;2;1;1e-06;0.95;async;2000;2007.626002073288;0.5224160459538951;1.2134983834754096
intel14_v2;2;1;1e-06;0.95;async;6000;6023.844696044922;0.6392795741050589;3.641079460720486
intel14_v2;2;1;1e-06;0.95;async;18000;17205.011328220367;0.6734247968053192;10.399473513946534
intel14_v2;1;2;0.0001;0.9;sync;222;228.32393503189087;0.29552412653312055;0.07636167160511018
intel14_v2;1;2;0.0001;0.9;sync;666;674.4331729412079;0.39345207242977637;0.2255604278392262
intel14_v2;1;2;0.0001;0.9;sync;2000;2000.4104340076447;0.571656486475367;0.6690261562625567
intel14_v2;1;2;0.0001;0.9;sync;6000;6000.520014047623;0.7819834390960648;2.006840582475927
intel14_v2;1;2;0.0001;0.9;sync;18000;17723.471326112747;0.9209676928258547;5.927516521288819
intel14_v2;1;1;1e-06;0.95;sync;222;238.55140113830566;0.27021408440284334;0.07978219082514446
intel14_v2;1;1;1e-06;0.95;sync;666;683.2215569019318;0.309009170631788;0.22849965403053496
intel14_v2;1;1;1e-06;0.95;sync;2000;2002.5728619098663;0.44927014309156044;0.6697493682609664
intel14_v2;1;1;1e-06;0.95;sync;6000;6002.9271829128265;0.532469079420283;2.0076456467297343
intel14_v2;1;1;1e-06;0.95;sync;18000;17718.21414899826;0.60577683016143;5.925758287609418
intel14_v2;2;2;1e-06;0.95;async;222;230.73515701293945;0.31976458016775117;0.13946658379448784
intel14_v2;2;2;1e-06;0.95;async;666;681.420648097992;0.3818468078316152;0.411880925072564
intel14_v2;2;2;1e-06;0.95;async;2000;2000.1720039844513;0.502358746486711;1.208992855741713
intel14_v2;2;2;1e-06;0.95;async;6000;6010.467054128647;0.600174952056505;3.6329934193844267
intel14_v2;2;2;1e-06;0.95;async;18000;17211.863209962845;0.687205229083298;10.403615095799765
intel14_v2;2;2;1e-06;0.9;async;222;230.64291501045227;0.23081122506786148;0.13941082862854004
intel14_v2;2;2;1e-06;0.9;async;666;680.7361907958984;0.32278535602663083;0.41146720865885417
intel14_v2;2;2;1e-06;0.9;async;2000;2017.2065489292145;0.5165895372897341;1.219289291797214
intel14_v2;2;2;1e-06;0.9;async;6000;6009.204572916031;0.6442996078588511;3.6322303196292456
intel14_v2;2;2;1e-06;0.9;async;18000;17229.064570903778;0.7036988195912465;10.414012362857395
intel14_v2;2;1;1e-05;0.99;sync;222;237.66765999794006;0.16701226561038024;0.143656896709866
intel14_v2;2;1;1e-05;0.99;sync;666;687.7082450389862;0.32250154121842783;0.4156814281124539
intel14_v2;2;1;1e-05;0.99;sync;2000;2010.059849023819;0.5580941923597507;1.2149695087432861
intel14_v2;2;1;1e-05;0.99;sync;6000;6007.451804161072;0.7786904964778252;3.6311708682929145
intel14_v2;2;1;1e-05;0.99;sync;18000;17585.215583086014;0.9490104074471096;10.629285863554212
intel14_v2;2;2;1e-06;0.9;sync;222;223.76688313484192;0.45694607317432956;0.13525464936150444
intel14_v2;2;2;1e-06;0.9;sync;666;685.7806189060211;0.4755532498526517;0.4145162852054172
intel14_v2;2;2;1e-06;0.9;sync;2000;2009.4842009544373;0.5399301558122781;1.2146215614657931
intel14_v2;2;2;1e-06;0.9;sync;6000;6004.188964128494;0.6185100904329122;3.629198662762112
intel14_v2;2;2;1e-06;0.9;sync;18000;17600.003412008286;0.7117392483875394;10.638224284591676
intel14_v2;2;1;0.0001;0.99;sync;222;232.7384328842163;0.38917336884218684;0.14067745276557075
intel14_v2;2;1;0.0001;0.99;sync;666;678.6872708797455;0.4352270305962689;0.41022875039842394
intel14_v2;2;1;0.0001;0.99;sync;2000;2001.23237490654;0.5823972150228044;1.2096337910546198
intel14_v2;2;1;0.0001;0.99;sync;6000;6016.373553991318;0.7775608943105796;3.63656357041253
intel14_v2;2;1;0.0001;0.99;sync;18000;17582.343456983566;0.9311324243072548;10.627549822887845
intel14_v2;1;1;1e-06;0.9;sync;222;235.36866092681885;0.06230844575098608;0.07871774104330274
intel14_v2;1;1;1e-06;0.9;sync;666;675.9317910671234;0.19104335110971288;0.2260616323457824
intel14_v2;1;1;1e-06;0.9;sync;2000;2003.0603420734406;0.3955799240889826;0.6699124032934507
intel14_v2;1;1;1e-06;0.9;sync;6000;6000.799828052521;0.5271129005940897;2.006934164715343
intel14_v2;1;1;1e-06;0.9;sync;18000;17713.96587395668;0.5966733657730979;5.92433747562329
intel14_v2;2;1;1e-06;0.99;sync;222;231.31223917007446;0.27440701654474287;0.13981539789835612
intel14_v2;2;1;1e-06;0.99;sync;666;674.807862997055;0.3545313428652731;0.40788386385599773
intel14_v2;2;1;1e-06;0.99;sync;2000;2000.4659731388092;0.5048308201982052;1.2091705437639024
intel14_v2;2;1;1e-06;0.99;sync;6000;6027.056791067123;0.642020541117456;3.6430209937116835
intel14_v2;2;1;1e-06;0.99;sync;18000;17586.255251169205;0.7350068023644556;10.629914285151164
intel14_v2;2;2;0.0001;0.99;sync;222;222.3008291721344;0.27498175017160303;0.1343685011884901
intel14_v2;2;2;0.0001;0.99;sync;666;681.0231931209564;0.368154291773533;0.4116406856197781
intel14_v2;2;2;0.0001;0.99;sync;2000;2014.8148181438446;0.551905080562557;1.2178436234113905
intel14_v2;2;2;0.0001;0.99;sync;6000;6014.75057721138;0.7266265278887338;3.6355825711144343
intel14_v2;2;2;0.0001;0.99;sync;18000;17589.997444152832;0.9229704663429448;10.632176232910156
intel14_v2;1;1;1e-05;0.95;sync;222;237.38200092315674;0.23532474915365856;0.07939109141985576
intel14_v2;1;1;1e-05;0.95;sync;666;680.0563170909882;0.3428215287114729;0.22744105716043048
intel14_v2;1;1;1e-05;0.95;sync;2000;2001.6134560108185;0.48773096343355177;0.6694285002880627
intel14_v2;1;1;1e-05;0.95;sync;6000;6015.674374103546;0.6604853246706878;2.0119088740057416
intel14_v2;1;1;1e-05;0.95;sync;18000;17731.674379110336;0.7413333266342609;5.930259986791346
intel14_v2;2;2;1e-05;0.9;async;222;230.802344083786;0.4517597450076251;0.13950719464619954
intel14_v2;2;2;1e-05;0.9;async;666;681.0968630313873;0.47077608186483766;0.4116852149878608
intel14_v2;2;2;1e-05;0.9;async;2000;2000.4985899925232;0.5517255535246054;1.209190258839925
intel14_v2;2;2;1e-05;0.9;async;6000;6012.989109992981;0.7348102517820844;3.6345178620402017
intel14_v2;2;2;1e-05;0.9;async;18000;17225.408983945847;0.9117291542054243;10.41180276362949
intel14_v2;2;1;1e-06;0.9;async;222;239.81929993629456;0.3786177686913384;0.14495744351704914
intel14_v2;2;1;1e-06;0.9;async;666;687.8405270576477;0.4378580489270564;0.41576138524373374
intel14_v2;2;1;1e-06;0.9;async;2000;2008.9251310825348;0.5569496743560852;1.2142836347876655
intel14_v2;2;1;1e-06;0.9;async;6000;6026.66347694397;0.646264519129315;3.642783257175022
intel14_v2;2;1;1e-06;0.9;async;18000;17193.891949892044;0.7360904954818459;10.392752467490302
intel14_v2;2;1;0.0001;0.9;async;222;239.08175802230835;0.4051316000074075;0.14451164040459527
intel14_v2;2;1;0.0001;0.9;async;666;686.0769748687744;0.447392346639999;0.41469541592068143
intel14_v2;2;1;0.0001;0.9;async;2000;2002.2396259307861;0.6160570001103617;1.2102426183403863
intel14_v2;2;1;0.0001;0.9;async;6000;6009.155820846558;0.7661958977906238;3.6322008517116973
intel14_v2;2;1;0.0001;0.9;async;18000;17217.40841984749;0.9262863098854928;10.406966867107815
intel14_v2;1;2;1e-06;0.95;sync;222;230.83012104034424;0.3428771969773817;0.0771998515923818
intel14_v2;1;2;1e-06;0.95;sync;666;680.3487980365753;0.3631397210698586;0.22753887578778798
intel14_v2;1;2;1e-06;0.95;sync;2000;2015.0365300178528;0.4277500369090645;0.6739177728170819
intel14_v2;1;2;1e-06;0.95;sync;6000;6003.6080231666565;0.5246309192138183;2.0078733499701817
intel14_v2;1;2;1e-06;0.95;sync;18000;17725.11563897133;0.5981554987717;5.9280664525893
intel14_v2;1;1;0.0001;0.9;sync;222;235.64261412620544;0.4444147155328065;0.07880936316887538
intel14_v2;1;1;0.0001;0.9;sync;666;673.7841711044312;0.4710855854676339;0.22534337278048197
intel14_v2;1;1;0.0001;0.9;sync;2000;2003.9334931373596;0.6346042213318128;0.6702044238159391
intel14_v2;1;1;0.0001;0.9;sync;6000;6001.257141113281;0.7896577715545985;2.0070871105278862
intel14_v2;1;1;0.0001;0.9;sync;18000;17723.165105104446;0.9410844188003624;5.927414107373821
intel14_v2;2;2;0.0001;0.9;async;222;229.97357296943665;0.4943845881923666;0.13900624855041505
intel14_v2;2;2;0.0001;0.9;async;666;679.5401721000671;0.4989556502747921;0.4107442818027073
intel14_v2;2;2;0.0001;0.9;async;2000;2013.3478000164032;0.6163459669733576;1.2169568924543592
intel14_v2;2;2;0.0001;0.9;async;6000;6017.1777420043945;0.7829374021264967;3.637049657389323
intel14_v2;2;2;0.0001;0.9;async;18000;17231.875133037567;0.920436375588567;10.41571119152493
intel14_v2;2;2;1e-05;0.9;sync;222;223.1968960762024;0.3226075579937848;0.13491012385050455
intel14_v2;2;2;1e-05;0.9;sync;666;668.5449810028076;0.4108308269410993;0.40409829962836374
intel14_v2;2;2;1e-05;0.9;sync;2000;2019.1653270721436;0.5812292116459138;1.2204732643636067
intel14_v2;2;2;1e-05;0.9;sync;6000;6017.824371099472;0.7540097605759334;3.6374405087534587
intel14_v2;2;2;1e-05;0.9;sync;18000;17605.78914308548;0.937033886140995;10.641721437598335
intel14_v2;1;1;1e-05;0.9;sync;222;236.51197409629822;0.4062729591946114;0.0791001157810953
intel14_v2;1;1;1e-05;0.9;sync;666;678.6295549869537;0.47117777720467385;0.22696388450119231
intel14_v2;1;1;1e-05;0.9;sync;2000;2001.0210280418396;0.5201268270568493;0.6692303660451041
intel14_v2;1;1;1e-05;0.9;sync;6000;6021.325818061829;0.6609050213716625;2.0137989680406783
intel14_v2;1;1;1e-05;0.9;sync;18000;17709.659706115723;0.7794476971499208;5.9228973017120365
intel14_v2;2;2;1e-05;0.99;sync;222;240.28865098953247;0.45042867029081496;0.14524114015367295
intel14_v2;2;2;1e-05;0.99;sync;666;679.2560970783234;0.47703723066111;0.4105725742340088
intel14_v2;2;2;1e-05;0.99;sync;2000;2006.5954868793488;0.5885051987028127;1.2128754942915174
intel14_v2;2;2;1e-05;0.99;sync;6000;6014.951868057251;0.7351792603189765;3.6357042402479385
intel14_v2;2;2;1e-05;0.99;sync;18000;17599.963418006897;0.9274568255801161;10.638200110439724
intel14_v2;2;1;1e-05;0.95;async;222;239.55632400512695;0.7261649452397047;0.1447984891764323
intel14_v2;2;1;1e-05;0.95;async;666;687.294350862503;0.6459893242297995;0.41543125207689074
intel14_v2;2;1;1e-05;0.95;async;2000;2003.9182710647583;0.6364149230714227;1.2112572660658094
intel14_v2;2;1;1e-05;0.95;async;6000;6012.006821870804;0.7475983168078719;3.633924123441908
intel14_v2;2;1;1e-05;0.95;async;18000;17213.271564006805;0.9191528526358517;10.404466367577447
intel14_v2;2;1;0.0001;0.95;async;222;239.11782693862915;0.21092678470511098;0.1445334420606825
intel14_v2;2;1;0.0001;0.95;async;666;685.9492979049683;0.3475581233470173;0.4146182422892253
intel14_v2;2;1;0.0001;0.95;async;2000;2000.8514440059662;0.5586662982419047;1.2094035394880507
intel14_v2;2;1;0.0001;0.95;async;6000;6003.194715023041;0.7590572711649896;3.628597694413927
intel14_v2;2;1;0.0001;0.95;async;18000;17188.40563893318;0.8921379728394354;10.389436297310723
intel14_v2;2;2;1e-05;0.95;async;222;230.60308599472046;0.2691737269724882;0.13938675420125327
intel14_v2;2;2;1e-05;0.95;async;666;680.9035789966583;0.3712553515697823;0.41156838552686903
intel14_v2;2;2;1e-05;0.95;async;2000;2017.2663989067078;0.5332559730264945;1.21932546778361
intel14_v2;2;2;1e-05;0.95;async;6000;6009.592262029648;0.7143032969205745;3.632464656160143
intel14_v2;2;2;1e-05;0.95;async;18000;17262.640547037125;0.9035466429477971;10.434307175097995
intel14_v2;2;2;1e-06;0.99;sync;222;222.80023288726807;0.41509516592452855;0.13467036298963758
intel14_v2;2;2;1e-06;0.99;sync;666;681.9662120342255;0.4164795118788479;0.4122106881629096
intel14_v2;2;2;1e-06;0.99;sync;2000;2019.8745460510254;0.4937429443974592;1.2209019478352865
intel14_v2;2;2;1e-06;0.99;sync;6000;6007.530065059662;0.5816365842693844;3.6312181726582846
intel14_v2;2;2;1e-06;0.99;sync;18000;17614.034106969833;0.7187319689017332;10.646705060212877
intel14_v2;1;2;0.0001;0.95;sync;222;230.4268651008606;0.3725808177814651;0.07706498488373227
intel14_v2;1;2;0.0001;0.95;sync;666;678.6386630535126;0.438627006668914;0.22696693064345255
intel14_v2;1;2;0.0001;0.95;sync;2000;2007.5695281028748;0.5663588243838494;0.6714204755099614
intel14_v2;1;2;0.0001;0.95;sync;6000;6013.590945959091;0.752947633986962;2.0112120830374294
intel14_v2;1;2;0.0001;0.95;sync;18000;17739.85481405258;0.9360882890495842;5.932995887810919
intel14_v2;2;1;1e-05;0.9;sync;222;232.97983193397522;0.7552033042955912;0.1408233650800917
intel14_v2;2;1;1e-05;0.9;sync;666;678.5750639438629;0.6786955683300496;0.4101609275394016
intel14_v2;2;1;1e-05;0.9;sync;2000;2018.8469588756561;0.676714492232188;1.220280828475952
intel14_v2;2;1;1e-05;0.9;sync;6000;6026.5756158828735;0.7936661930344526;3.642730150044759
intel14_v2;2;1;1e-05;0.9;sync;18000;17587.94239783287;0.9561271718893866;10.630934071578979
intel14_v2;1;2;1e-05;0.9;sync;222;230.77318501472473;0.20028709211894552;0.0771808096549246
intel14_v2;1;2;1e-05;0.9;sync;666;679.3244819641113;0.3213140902152422;0.22719629896799723
intel14_v2;1;2;1e-05;0.9;sync;2000;2008.3928518295288;0.5061498516018977;0.6716958315563202
intel14_v2;1;2;1e-05;0.9;sync;6000;6002.610769987106;0.6141890511114397;2.0075398241845765
intel14_v2;1;2;1e-05;0.9;sync;18000;17727.202491044998;0.7313843959631803;5.928764388671716
intel14_v2;2;1;1e-05;0.9;async;222;239.63868808746338;0.42188809835303964;0.14484827368842232
intel14_v2;2;1;1e-05;0.9;async;666;687.4506251811981;0.46527399038550266;0.4155257112206353
intel14_v2;2;1;1e-05;0.9;async;2000;2006.1436622142792;0.614742464558584;1.2126023913828532
intel14_v2;2;1;1e-05;0.9;async;6000;6019.0834040641785;0.7637939523143201;3.638201524234348
intel14_v2;2;1;1e-05;0.9;async;18000;17189.292819023132;0.9272354152851127;10.389972548387316
intel14_v2;2;2;0.0001;0.95;async;222;229.82727599143982;0.18210778102635647;0.13891782015482584
intel14_v2;2;2;0.0001;0.95;async;666;678.1403081417084;0.3210996570513506;0.4098981418100993
intel14_v2;2;2;0.0001;0.95;async;2000;2010.0839729309082;0.5323977505258355;1.2149840903049045
intel14_v2;2;2;0.0001;0.95;async;6000;6013.123860120773;0.7417603217712553;3.634599311006334
intel14_v2;2;2;0.0001;0.95;async;18000;17254.288255929947;0.9206142707739288;10.42925867913988
intel14_v2;1;1;0.0001;0.95;sync;222;237.03307008743286;0.1353573418757061;0.07927439344035254
intel14_v2;1;1;0.0001;0.95;sync;666;678.8156208992004;0.30811038381981853;0.2270261132118437
intel14_v2;1;1;0.0001;0.95;sync;2000;2006.924742937088;0.5498904580593408;0.6712048306934039
intel14_v2;1;1;0.0001;0.95;sync;6000;6003.023555994034;0.7778448816978812;2.007677878171338
intel14_v2;1;1;0.0001;0.95;sync;18000;17706.116019010544;0.9401350784877204;5.921712135246859
intel14_v2;1;2;1e-05;0.95;sync;222;230.3685839176178;0.3008588450312673;0.07704549306578107
intel14_v2;1;2;1e-05;0.95;sync;666;678.743910074234;0.3782299762666043;0.22700212992482716
intel14_v2;1;2;1e-05;0.95;sync;2000;2007.9871311187744;0.5088701042639223;0.6715601405186123
intel14_v2;1;2;1e-05;0.95;sync;6000;6000.241336107254;0.6202546213766653;2.0067473801869817
intel14_v2;1;2;1e-05;0.95;sync;18000;17747.366131067276;0.7417803126262723;5.935508006056945
intel14_v2;2;2;1e-05;0.99;async;222;230.51554799079895;0.4960165148364528;0.13933384234110516
intel14_v2;2;2;1e-05;0.99;async;666;680.1700081825256;0.4793525162378176;0.41112498272365994
intel14_v2;2;2;1e-05;0.99;async;2000;2016.1658611297607;0.5566559287267526;1.2186602538384332
intel14_v2;2;2;1e-05;0.99;async;6000;6005.876023054123;0.7023705782853183;3.630218396157159
intel14_v2;2;2;1e-05;0.99;async;18000;17234.23388814926;0.8998880320223369;10.417136927947999
intel14_v2;2;1;0.0001;0.99;async;222;238.84619188308716;0.51489514181872;0.1443692537604438
intel14_v2;2;1;0.0001;0.99;async;666;684.9951529502869;0.5080982063713476;0.41404151467217337
intel14_v2;2;1;0.0001;0.99;async;2000;2006.502986907959;0.5336405758792339;1.2128195831976996
intel14_v2;2;1;0.0001;0.99;async;6000;6015.415256977081;0.7009213001868921;3.6359843331061468
intel14_v2;2;1;0.0001;0.99;async;18000;17215.92060995102;0.8465617803973828;10.406067568681506
intel14_v2;2;1;1e-05;0.99;async;222;239.58811116218567;0.2519398633699948;0.14481770274692113
intel14_v2;2;1;1e-05;0.99;async;666;687.6950011253357;0.3440756751654656;0.41567342290242515
intel14_v2;2;1;1e-05;0.99;async;2000;2005.5423171520233;0.5730807806580226;1.2122389117007786
intel14_v2;2;1;1e-05;0.99;async;6000;6017.392402172089;0.7149646084973124;3.6371794075351294
intel14_v2;2;1;1e-05;0.99;async;18000;17211.68449497223;0.9106044019314162;10.403507072516547
intel14_v2;1;2;1e-06;0.99;sync;222;230.48749494552612;0.46749056612448747;0.07708526219844818
intel14_v2;1;2;1e-06;0.99;sync;666;679.5731558799744;0.42130889055284815;0.22727946657763587
intel14_v2;1;2;1e-06;0.99;sync;2000;2011.2021808624268;0.4381931453343158;0.6726353960439894
intel14_v2;1;2;1e-06;0.99;sync;6000;6014.192754983902;0.5214470455417347;2.011413354722394
intel14_v2;1;2;1e-06;0.99;sync;18000;17729.47886800766;0.5960316215763243;5.929525710300339
intel14_v2;2;2;0.0001;0.99;async;222;230.19527101516724;0.4311474939665384;0.13914025270250108
intel14_v2;2;2;0.0001;0.99;async;666;679.9243900775909;0.43229804262868077;0.4109765202246772
intel14_v2;2;2;0.0001;0.99;async;2000;2013.2062771320343;0.5465008686261902;1.2168713497331407
intel14_v2;2;2;0.0001;0.99;async;6000;6014.759194135666;0.6990311721658101;3.635587779566447
intel14_v2;2;2;0.0001;0.99;async;18000;17228.675107955933;0.8625165338052874;10.413776954142254
intel14_v2;2;2;1e-05;0.95;sync;222;224.00117301940918;0.3452766924301807;0.13539626458062065
intel14_v2;2;2;1e-05;0.95;sync;666;668.3746540546417;0.40166846752923613;0.40399534645080565
intel14_v2;2;2;1e-05;0.95;sync;2000;2017.3287689685822;0.5666790690830342;1.2193631670210097
intel14_v2;2;2;1e-05;0.95;sync;6000;6005.048367023468;0.7684296902779246;3.6297181240675185
intel14_v2;2;2;1e-05;0.95;sync;18000;17618.698957920074;0.937862167110692;10.649524703453912
intel14_v2;2;1;0.0001;0.9;sync;222;223.30396699905396;0.46659441094290793;0.13497484227498371
intel14_v2;2;1;0.0001;0.9;sync;666;684.6362760066986;0.5179691480424228;0.41382459349738226
intel14_v2;2;1;0.0001;0.9;sync;2000;2009.984447002411;0.69425270485511;1.2149239324103462
intel14_v2;2;1;0.0001;0.9;sync;6000;6002.279833078384;0.864014511057198;3.628044699105157
intel14_v2;2;1;0.0001;0.9;sync;18000;17585.040833950043;0.9399821542696247;10.629180237409804
intel14_v2;2;2;1e-06;0.95;sync;222;240.87231278419495;0.13192634386761498;0.14559393128289116
intel14_v2;2;2;1e-06;0.95;sync;666;679.9951219558716;0.2720115148250474;0.411019273715549
intel14_v2;2;2;1e-06;0.95;sync;2000;2013.0891499519348;0.4913095323994256;1.2168005528598362
intel14_v2;2;2;1e-06;0.95;sync;6000;6012.9063808918;0.6177805616999069;3.634467856894599
intel14_v2;2;2;1e-06;0.95;sync;18000;17590.26200890541;0.7020227688799773;10.632336147605049
intel14_v2;1;2;0.0001;0.99;sync;222;229.9445559978485;0.6532081680151002;0.0769036792837249
intel14_v2;1;2;0.0001;0.99;sync;666;677.6074690818787;0.5853317477638708;0.226622053548495
intel14_v2;1;2;0.0001;0.99;sync;2000;2006.0814571380615;0.5722635984952861;0.6709227984428405
intel14_v2;1;2;0.0001;0.99;sync;6000;6013.655234098434;0.7053772461589791;2.0112335838484765
intel14_v2;1;2;0.0001;0.99;sync;18000;17718.10149216652;0.9224960404303505;5.925720610157914
intel14_v2;1;1;0.0001;0.99;sync;222;235.4350941181183;0.18092344345923933;0.07873995925505956
intel14_v2;1;1;0.0001;0.99;sync;666;675.9787211418152;0.3053945335621499;0.22607732784854043
intel14_v2;1;1;0.0001;0.99;sync;2000;2006.2755630016327;0.5254091207734842;0.6709877160705461
intel14_v2;1;1;0.0001;0.99;sync;6000;6010.178816080093;0.7412397765467754;2.0100709151556755
intel14_v2;1;1;0.0001;0.99;sync;18000;17730.570133924484;0.9097405065305965;5.929890678123633
intel14_v2;1;2;1e-05;0.99;sync;222;230.53667497634888;0.3423906034335656;0.07710171018653446
intel14_v2;1;2;1e-05;0.99;sync;666;678.7430369853973;0.3938350798319808;0.22700183792511622
intel14_v2;1;2;1e-05;0.99;sync;2000;2008.9170351028442;0.5011766038523524;0.6718711417399512
intel14_v2;1;2;1e-05;0.99;sync;6000;6010.9384570121765;0.6038719692955622;2.0103249728451833
intel14_v2;1;2;1e-05;0.99;sync;18000;17718.930794000626;0.7330030475610422;5.925997965549098
intel14_v1;1;1;1e-06;0.99;sync;222;230.66650009155273;0.22085964310452066;0.07304439169565836
intel14_v1;1;1;1e-06;0.99;sync;666;672.8315119743347;0.3010325617839092;0.213063312125206
intel14_v1;1;1;1e-06;0.99;sync;2000;2009.9236180782318;0.4238706178896526;0.63647581239144
intel14_v1;1;1;1e-06;0.99;sync;6000;6007.930830001831;0.5345173189362972;1.9025114295005798
intel14_v1;1;1;1e-06;0.99;sync;18000;17978.205070972443;0.5948667734874501;5.693098272474606
intel14_v1;2;1;1e-05;0.95;sync;222;226.00963711738586;0.5030706500548244;0.14313943684101105
intel14_v1;2;1;1e-05;0.95;sync;666;666.4034390449524;0.5156002756502283;0.4220555113951365
intel14_v1;2;1;1e-05;0.95;sync;2000;2001.2243449687958;0.5727285664984249;1.267442085146904
intel14_v1;2;1;1e-05;0.95;sync;6000;6008.401566982269;0.7273872949613382;3.8053209924221036
intel14_v1;2;1;1e-05;0.95;sync;18000;17968.70000600815;0.9278315807610014;11.380176670471826
intel14_v1;2;1;1e-06;0.95;sync;222;230.60743188858032;0.5225952979955217;0.1460513735294342
intel14_v1;2;1;1e-06;0.95;sync;666;674.717503786087;0.4963408862534624;0.42732108573118843
intel14_v1;2;1;1e-06;0.95;sync;2000;2010.0749778747559;0.5330271810930783;1.2730474859873453
intel14_v1;2;1;1e-06;0.95;sync;6000;6015.386757850647;0.6125143630113178;3.8097449466387427
intel14_v1;2;1;1e-06;0.95;sync;18000;17973.224589824677;0.7393164102944171;11.383042240222295
intel14_v1;2;2;0.0001;0.9;sync;222;243.49661993980408;0.4266025526100691;0.1542145259618759
intel14_v1;2;2;0.0001;0.9;sync;666;690.8438551425934;0.4595384267654885;0.43753444159030913
intel14_v1;2;2;0.0001;0.9;sync;2000;2000.7072079181671;0.5661987841445015;1.267114565014839
intel14_v1;2;2;0.0001;0.9;sync;6000;6026.277573108673;0.7589144512576377;3.8166424629688263
intel14_v1;2;2;0.0001;0.9;sync;18000;17948.94018292427;0.942051272854909;11.367662115852037
intel14_v1;2;1;1e-06;0.95;async;222;234.25278687477112;0.5368121002431009;0.1483600983540217
intel14_v1;2;1;1e-06;0.95;async;666;675.8694438934326;0.5197965615418694;0.42805064779917396
intel14_v1;2;1;1e-06;0.95;async;2000;2016.1455829143524;0.5266504308072574;1.2768922025124232
intel14_v1;2;1;1e-06;0.95;async;6000;6009.20013999939;0.5799424487630297;3.8058267553329466
intel14_v1;2;1;1e-06;0.95;async;18000;17971.048560857773;0.7332189215300262;11.381664088543255
intel14_v1;2;1;0.0001;0.95;sync;222;223.02529096603394;0.15625249452341786;0.1412493509451548
intel14_v1;2;1;0.0001;0.95;sync;666;680.753623008728;0.30974235778287157;0.43114396123886106
intel14_v1;2;1;0.0001;0.95;sync;2000;2002.478523015976;0.5355095951164293;1.268236397910118
intel14_v1;2;1;0.0001;0.95;sync;6000;6000.702799797058;0.7410274123504403;3.8004451065381364
intel14_v1;2;1;0.0001;0.95;sync;18000;17972.68178987503;0.9376214617520726;11.382698466920852
intel14_v1;2;2;0.0001;0.95;sync;222;242.77103996276855;0.46026390151529295;0.15375499197642006
intel14_v1;2;2;0.0001;0.95;sync;666;690.6204719543457;0.4704013005763247;0.4373929655710856
intel14_v1;2;2;0.0001;0.95;sync;2000;2025.385264158249;0.5335468076971042;1.2827440006335575
intel14_v1;2;2;0.0001;0.95;sync;6000;6026.363512039185;0.7301236289095935;3.81669689095815
intel14_v1;2;2;0.0001;0.95;sync;18000;17944.163184165955;0.9342685915828245;11.364636683305104
intel14_v1;1;1;1e-05;0.99;sync;222;229.79662203788757;0.3414684653105344;0.07276893031199773
intel14_v1;1;1;1e-05;0.99;sync;666;675.8793060779572;0.4070295790271067;0.21402844692468642
intel14_v1;1;1;1e-05;0.99;sync;2000;2015.5070841312408;0.4908841555884262;0.6382439099748929
intel14_v1;1;1;1e-05;0.99;sync;6000;6002.009545087814;0.6517212192011302;1.9006363559444743
intel14_v1;1;1;1e-05;0.99;sync;18000;17970.995707035065;0.7350542504149706;5.69081530722777
intel14_v1;2;1;1e-06;0.99;async;222;236.73050594329834;0.38547081699706054;0.1499293204307556
intel14_v1;2;1;1e-06;0.99;async;666;678.2992770671844;0.4110379734971308;0.42958954214255013
intel14_v1;2;1;1e-06;0.99;async;2000;2004.5566799640656;0.5089076276109885;1.2695525639772414
intel14_v1;2;1;1e-06;0.99;async;6000;6002.250266075134;0.6063288401577006;3.8014251685142515
intel14_v1;2;1;1e-06;0.99;async;18000;17963.14120912552;0.7214517301531373;11.376656099112829
intel14_v1;2;1;1e-06;0.9;sync;222;230.55668592453003;0.10703887577534313;0.14601923441886902
intel14_v1;2;1;1e-06;0.9;sync;666;676.5286037921906;0.2755374334505383;0.428468115735054
intel14_v1;2;1;1e-06;0.9;sync;2000;2012.8387899398804;0.46711834807196206;1.2747979002952574
intel14_v1;2;1;1e-06;0.9;sync;6000;6008.727336883545;0.5813046667781719;3.8055273133595784
intel14_v1;2;1;1e-06;0.9;sync;18000;17966.848502874374;0.7179365438791501;11.379004051820436
intel14_v1;2;1;1e-05;0.95;async;222;227.72883200645447;0.5633055026867361;0.1442282602707545
intel14_v1;2;1;1e-05;0.95;async;666;668.5190241336823;0.5598059418125589;0.4233953819513321
intel14_v1;2;1;1e-05;0.95;async;2000;2000.7015450000763;0.6293084275619452;1.2671109785000483
intel14_v1;2;1;1e-05;0.95;async;6000;6014.816823005676;0.7612142929942198;3.809383987903595
intel14_v1;2;1;1e-05;0.95;async;18000;17970.01340699196;0.9317170852112486;11.381008491094907
intel14_v1;1;2;1e-06;0.9;sync;222;240.14504098892212;0.13095164662616635;0.076045929646492
intel14_v1;1;2;1e-06;0.9;sync;666;667.3698809146881;0.18130760658766643;0.21133379562298454
intel14_v1;1;2;1e-06;0.9;sync;2000;2019.4302999973297;0.3444108164598908;0.639486261665821
intel14_v1;1;2;1e-06;0.9;sync;6000;6012.090001106262;0.49587435212696407;1.9038285003503161
intel14_v1;1;2;1e-06;0.9;sync;18000;17957.310914993286;0.5684985213274933;5.686481789747874
intel14_v1;1;2;0.0001;0.9;sync;222;222.5051531791687;0.48420632176628536;0.07045996517340342
intel14_v1;1;2;0.0001;0.9;sync;666;669.9469020366669;0.4933178964299035;0.21214985231161115
intel14_v1;1;2;0.0001;0.9;sync;2000;2010.3312411308289;0.5377769728889014;0.6366048930247624
intel14_v1;1;2;0.0001;0.9;sync;6000;6026.781908035278;0.7103971481443225;1.9084809375445047
intel14_v1;1;2;0.0001;0.9;sync;18000;17952.07411313057;0.902339476299931;5.6848234691580135
intel14_v1;1;1;1e-06;0.95;sync;222;230.27927803993225;0.06758456132580752;0.07292177137931187
intel14_v1;1;1;1e-06;0.95;sync;666;677.2336509227753;0.21031274307626346;0.21445732279221216
intel14_v1;1;1;1e-06;0.95;sync;2000;2015.8886680603027;0.3922485777558049;0.6383647448857624
intel14_v1;1;1;1e-06;0.95;sync;6000;6007.316819906235;0.5231311760106054;1.9023169929703077
intel14_v1;1;1;1e-06;0.95;sync;18000;17975.10434293747;0.6267390888567863;5.692116375263532
intel14_v1;2;1;1e-05;0.99;sync;222;224.93735218048096;0.5128982832324632;0.14246032304763792
intel14_v1;2;1;1e-05;0.99;sync;666;679.7317500114441;0.49178910487723554;0.4304967750072479
intel14_v1;2;1;1e-05;0.99;sync;2000;2001.4428541660309;0.5461225577093685;1.2675804743051529
intel14_v1;2;1;1e-05;0.99;sync;6000;6002.966711997986;0.7303823466881146;3.801878917598724
intel14_v1;2;1;1e-05;0.99;sync;18000;17971.6744890213;0.9175663708997052;11.38206050971349
intel14_v1;2;1;1e-05;0.99;async;222;239.51361894607544;0.3433366850859254;0.15169195866584778
intel14_v1;2;1;1e-05;0.99;async;666;670.9324610233307;0.4264545129671972;0.42492389198144276
intel14_v1;2;1;1e-05;0.99;async;2000;2001.3866848945618;0.5339428772401534;1.2675449004332224
intel14_v1;2;1;1e-05;0.99;async;6000;6013.214439868927;0.726029881497974;3.80836914525032
intel14_v1;2;1;1e-05;0.99;async;18000;17966.69173192978;0.917668183529103;11.378904763555527
intel14_v1;2;1;0.0001;0.9;async;222;224.2168960571289;0.3983514657051286;0.14200403416951496
intel14_v1;2;1;0.0001;0.9;async;666;677.8617889881134;0.45125036128820245;0.42931246635913844
intel14_v1;2;1;0.0001;0.9;async;2000;2006.6151151657104;0.5951597781314534;1.2708562396049499
intel14_v1;2;1;0.0001;0.9;async;6000;6010.022030115128;0.7525508079439555;3.8063472857395806
intel14_v1;2;1;0.0001;0.9;async;18000;17963.37046098709;0.9182486310523597;11.37680129195849
intel14_v1;2;2;1e-06;0.9;sync;222;249.9554319381714;0.37826633373599583;0.1583051068941752
intel14_v1;2;2;1e-06;0.9;sync;666;670.1056749820709;0.3924412644138595;0.42440026082197824
intel14_v1;2;2;1e-06;0.9;sync;2000;2009.0752959251404;0.47197299411411775;1.272414354085922
intel14_v1;2;2;1e-06;0.9;sync;6000;6016.123183965683;0.5779708682652865;3.8102113498449324
intel14_v1;2;2;1e-06;0.9;sync;18000;17944.557161092758;0.665012471111347;11.364886202025414
intel14_v1;2;1;1e-05;0.9;async;222;236.99057698249817;0.4823021822891159;0.1500940320889155
intel14_v1;2;1;1e-05;0.9;async;666;674.0094439983368;0.5267547249766411;0.4268726478656133
intel14_v1;2;1;1e-05;0.9;async;2000;2006.8457729816437;0.5833146002372603;1.2710023228883742
intel14_v1;2;1;1e-05;0.9;async;6000;6010.256219148636;0.7379535345450865;3.8064956054608023
intel14_v1;2;1;1e-05;0.9;async;18000;17973.509261131287;0.9188177734616632;11.383222532049814
intel14_v1;2;1;0.0001;0.99;sync;222;222.89225101470947;0.27489202925550393;0.14116509230931598
intel14_v1;2;1;0.0001;0.99;sync;666;675.2937779426575;0.34246993427706085;0.42768605936368304
intel14_v1;2;1;0.0001;0.99;sync;2000;2011.1130890846252;0.5519086034499601;1.2737049564202625
intel14_v1;2;1;0.0001;0.99;sync;6000;6016.569092988968;0.7362994403728259;3.8104937588930126
intel14_v1;2;1;0.0001;0.99;sync;18000;17968.945163965225;0.8838923922891556;11.380331937177976
intel14_v1;1;1;1e-06;0.9;sync;222;236.22109484672546;0.3503820482467724;0.07480334670146306
intel14_v1;1;1;1e-06;0.9;sync;666;669.88214802742;0.3475056036642894;0.21212934687534968
intel14_v1;1;1;1e-06;0.9;sync;2000;2003.525465965271;0.4207374239861692;0.6344497308890025
intel14_v1;1;1;1e-06;0.9;sync;6000;6010.565932035446;0.5313696544347055;1.9033458784778912
intel14_v1;1;1;1e-06;0.9;sync;18000;17977.80621099472;0.6444710620891583;5.692971966814994
intel14_v1;2;1;1e-06;0.99;sync;222;222.7035529613495;0.18771901461179788;0.141045583542188
intel14_v1;2;1;1e-06;0.99;sync;666;679.4642648696899;0.3101756793376394;0.4303273677508036
intel14_v1;2;1;1e-06;0.99;sync;2000;2009.725968837738;0.49043382614375897;1.2728264469305675
intel14_v1;2;1;1e-06;0.99;sync;6000;6006.8310379981995;0.5979298096675201;3.804326324065526
intel14_v1;2;1;1e-06;0.99;sync;18000;17971.97431087494;0.7254792026528039;11.38225039688746
intel14_v1;2;2;0.0001;0.99;sync;222;237.6758439540863;0.28822410287486233;0.15052803450425464
intel14_v1;2;2;0.0001;0.99;sync;666;674.4148240089417;0.32094910584336706;0.42712938853899635
intel14_v1;2;2;0.0001;0.99;sync;2000;2010.7479529380798;0.45298352156985616;1.2734737035274506
intel14_v1;2;2;0.0001;0.99;sync;6000;6010.222885847092;0.6888297361483602;3.8064744943698243
intel14_v1;2;2;0.0001;0.99;sync;18000;17948.007787942886;0.8661279480285576;11.367071599030494
intel14_v1;1;1;1e-05;0.95;sync;222;230.26546788215637;0.09638093590438496;0.07291739816268285
intel14_v1;1;1;1e-05;0.95;sync;666;674.1141958236694;0.23174538837936665;0.21346949534416199
intel14_v1;1;1;1e-05;0.95;sync;2000;2014.9988858699799;0.4677222072296274;0.6380829805254936
intel14_v1;1;1;1e-05;0.95;sync;6000;6007.954806804657;0.6147235293501636;1.9025190221548078
intel14_v1;1;1;1e-05;0.95;sync;18000;17984.270133972168;0.7630420135204439;5.695018875757853
intel14_v1;1;2;1e-06;0.95;sync;222;240.9609079360962;0.08902547143774357;0.07630428751309712
intel14_v1;1;2;1e-06;0.95;sync;666;674.5110549926758;0.1616069975853487;0.2135951674143473
intel14_v1;1;2;1e-06;0.95;sync;2000;2000.418951034546;0.3248477168573844;0.6334660011609395
intel14_v1;1;2;1e-06;0.95;sync;6000;6025.442302942276;0.5073489608112846;1.9080567292650539
intel14_v1;1;2;1e-06;0.95;sync;18000;17955.905643939972;0.5776638541690425;5.686036787247658
intel14_v1;1;1;0.0001;0.9;sync;222;226.15079712867737;0.22545341973554736;0.07161441909074782
intel14_v1;1;1;0.0001;0.9;sync;666;666.5809819698334;0.34462433105851203;0.21108397762378056
intel14_v1;1;1;0.0001;0.9;sync;2000;2015.2112109661102;0.5472326764449618;0.6381502168059349
intel14_v1;1;1;0.0001;0.9;sync;6000;6002.791661977768;0.7046339836013876;1.9008840262929598
intel14_v1;1;1;0.0001;0.9;sync;18000;17980.584419965744;0.8998089730892371;5.693851732989152
intel14_v1;2;2;1e-05;0.9;sync;222;250.58868288993835;0.3480995600902583;0.1587061658302943
intel14_v1;2;2;1e-05;0.9;sync;666;670.0920560359955;0.3889884515631955;0.4243916354894638
intel14_v1;2;2;1e-05;0.9;sync;2000;2026.2573728561401;0.4875123623147423;1.283296336142222
intel14_v1;2;2;1e-05;0.9;sync;6000;6017.640623807907;0.6891898980484057;3.811172395078341
intel14_v1;2;2;1e-05;0.9;sync;18000;17940.455895900726;0.9022127186791488;11.362288734070459
intel14_v1;1;1;1e-05;0.9;sync;222;239.08372592926025;0.3799626693481982;0.07570984654426574
intel14_v1;1;1;1e-05;0.9;sync;666;668.0714008808136;0.42826868786441397;0.21155594361225763
intel14_v1;1;1;1e-05;0.9;sync;2000;2010.7104139328003;0.5132587669427167;0.6367249644120534
intel14_v1;1;1;1e-05;0.9;sync;6000;6011.883861064911;0.6300742549907815;1.903763222670555
intel14_v1;1;1;1e-05;0.9;sync;18000;17978.571768045425;0.7533671484229485;5.693214393214384
intel14_v1;2;2;1e-05;0.99;sync;222;240.64473819732666;0.3464632492945427;0.1524083341916402
intel14_v1;2;2;1e-05;0.99;sync;666;679.2326011657715;0.38556132578874996;0.43018064740498857
intel14_v1;2;2;1e-05;0.99;sync;2000;2031.2197670936584;0.4755834141042429;1.2864391858259836
intel14_v1;2;2;1e-05;0.99;sync;6000;6026.472035169601;0.6615333828991581;3.816765622274081
intel14_v1;2;2;1e-05;0.99;sync;18000;17964.649504184723;0.873016654184743;11.377611352650323
intel14_v1;2;1;0.0001;0.95;async;222;243.07362294197083;0.5089363676905521;0.15394662786324817
intel14_v1;2;1;0.0001;0.95;async;666;667.096596956253;0.5178515727274694;0.4224945114056269
intel14_v1;2;1;0.0001;0.95;async;2000;2003.797196149826;0.5743110705294523;1.2690715575615563
intel14_v1;2;1;0.0001;0.95;async;6000;6002.543995141983;0.7279665040463575;3.8016111969232558
intel14_v1;2;1;0.0001;0.95;async;18000;17969.182403087616;0.8908802660804197;11.380482188622157
intel14_v1;2;2;1e-06;0.99;sync;222;241.7183198928833;0.13376633434418495;0.15308826926549274
intel14_v1;2;2;1e-06;0.99;sync;666;685.5065860748291;0.1940141280179405;0.4341541711807251
intel14_v1;2;2;1e-06;0.99;sync;2000;2008.4680728912354;0.37115157137058785;1.2720297794977824
intel14_v1;2;2;1e-06;0.99;sync;6000;6028.323807954788;0.5534221891367397;3.817938411704699
intel14_v1;2;2;1e-06;0.99;sync;18000;17943.030827999115;0.6593203669063145;11.363919524399439
intel14_v1;1;2;0.0001;0.95;sync;222;240.32046484947205;0.15850065814862152;0.07610148053566615
intel14_v1;1;2;0.0001;0.95;sync;666;671.5130980014801;0.23720908546458852;0.21264581436713537
intel14_v1;1;2;0.0001;0.95;sync;2000;2012.1528279781342;0.4263982511961325;0.6371817288597424
intel14_v1;1;2;0.0001;0.95;sync;6000;6018.068171977997;0.6952367677034866;1.9057215877930322
intel14_v1;1;2;0.0001;0.95;sync;18000;17954.715688943863;0.8873318077003076;5.685659968165556
intel14_v1;2;1;1e-05;0.9;sync;222;224.85793209075928;0.5233323154707638;0.14241002365748087
intel14_v1;2;1;1e-05;0.9;sync;666;675.5763311386108;0.522383623213375;0.4278650097211202
intel14_v1;2;1;1e-05;0.9;sync;2000;2011.0786290168762;0.5966949760289366;1.2736831317106883
intel14_v1;2;1;1e-05;0.9;sync;6000;6015.232411146164;0.754012393838257;3.8096471937259038
intel14_v1;2;1;1e-05;0.9;sync;18000;17964.713381052017;0.9258298810455821;11.37765180799961
intel14_v1;1;2;1e-05;0.9;sync;222;224.29933094978333;0.2046518844278974;0.07102812146743138
intel14_v1;1;2;1e-05;0.9;sync;666;673.9414601325989;0.2773692457660777;0.2134147957086563
intel14_v1;1;2;1e-05;0.9;sync;2000;2016.003168106079;0.4100101586646358;0.6384010032335917
intel14_v1;1;2;1e-05;0.9;sync;6000;6020.095742940903;0.5882726913767993;1.9063636519312857
intel14_v1;1;2;1e-05;0.9;sync;18000;17953.958712100983;0.6981305535232045;5.685420258831978
intel14_v1;1;1;0.0001;0.95;sync;222;230.81086421012878;0.1548792050880441;0.07309010699987412
intel14_v1;1;1;0.0001;0.95;sync;666;674.625247001648;0.30955876211543865;0.2136313282171885
intel14_v1;1;1;0.0001;0.95;sync;2000;2012.0238780975342;0.5258148572092767;0.6371408947308858
intel14_v1;1;1;0.0001;0.95;sync;6000;6003.866713047028;0.7500191048096816;1.9012244591315586
intel14_v1;1;1;0.0001;0.95;sync;18000;17981.18790102005;0.9068807586151003;5.694042835323016
intel14_v1;1;2;1e-05;0.95;sync;222;242.7538869380951;0.3473551541831488;0.07687206419706344
intel14_v1;1;2;1e-05;0.95;sync;666;674.5872850418091;0.3843336408805054;0.2136193069299062
intel14_v1;1;2;1e-05;0.95;sync;2000;2020.1819751262665;0.46188402004159934;0.6397242921233177
intel14_v1;1;2;1e-05;0.95;sync;6000;6023.498769044876;0.6008992598021267;1.9074412768642106
intel14_v1;1;2;1e-05;0.95;sync;18000;17949.38219809532;0.7064497422348461;5.683971029396852
intel14_v1;2;1;1e-06;0.9;async;222;223.95627188682556;0.3398221479308655;0.1418389721949895
intel14_v1;2;1;1e-06;0.9;async;666;676.433965921402;0.4092719039697109;0.4284081784168879
intel14_v1;2;1;1e-06;0.9;async;2000;2011.1798939704895;0.4870636645108202;1.2737472661813098
intel14_v1;2;1;1e-06;0.9;async;6000;6009.146245002747;0.6056076351700609;3.8057926218350726
intel14_v1;2;1;1e-06;0.9;async;18000;17978.392192840576;0.7152652936927594;11.386315055465698
intel14_v1;1;2;1e-06;0.99;sync;222;242.65139889717102;0.4199128716012249;0.07683960965077082
intel14_v1;1;2;1e-06;0.99;sync;666;674.8649599552155;0.39873646754693826;0.21370723731915156
intel14_v1;1;2;1e-06;0.99;sync;2000;2001.095999956131;0.40298279088717553;0.6336803999861081
intel14_v1;1;2;1e-06;0.99;sync;6000;6004.963347911835;0.5090700727434941;1.9015717268387475
intel14_v1;1;2;1e-06;0.99;sync;18000;17947.76414489746;0.5791194999282674;5.683458645884196
intel14_v1;2;2;1e-05;0.95;sync;222;247.45870399475098;0.3547090768930154;0.1567238458633423
intel14_v1;2;2;1e-05;0.95;sync;666;673.1461799144745;0.40361255033650584;0.4263259139458338
intel14_v1;2;2;1e-05;0.95;sync;2000;2000.6348750591278;0.48969907432192017;1.2670687542041141
intel14_v1;2;2;1e-05;0.95;sync;6000;6002.548192977905;0.6753613285102056;3.8016138555526733
intel14_v1;2;2;1e-05;0.95;sync;18000;17940.301426887512;0.8952681662719899;11.362190903695424
intel14_v1;2;1;0.0001;0.99;async;222;245.75660109519958;0.44616281638408656;0.15564584736029305
intel14_v1;2;1;0.0001;0.99;async;666;670.0407299995422;0.4417402918251783;0.42435912899971007
intel14_v1;2;1;0.0001;0.99;async;2000;2011.6467049121857;0.5246015724181349;1.274042913111051
intel14_v1;2;1;0.0001;0.99;async;6000;6002.014178991318;0.6857805041117191;3.801275646694501
intel14_v1;2;1;0.0001;0.99;async;18000;17977.01407790184;0.8337244177833232;11.385442249337832
intel14_v1;2;1;0.0001;0.9;sync;222;226.8156499862671;0.34714869211637855;0.14364991165796914
intel14_v1;2;1;0.0001;0.9;sync;666;680.2672550678253;0.4280761274072871;0.4308359282096227
intel14_v1;2;1;0.0001;0.9;sync;2000;2014.5140271186829;0.6018626913911984;1.2758588838418323
intel14_v1;2;1;0.0001;0.9;sync;6000;6011.955816984177;0.8118338554519143;3.8075720174233116
intel14_v1;2;1;0.0001;0.9;sync;18000;17973.628948926926;0.9438516913186938;11.383298334320386
intel14_v1;2;2;1e-06;0.95;sync;222;241.36544108390808;0.4223667322573029;0.15286477935314177
intel14_v1;2;2;1e-06;0.95;sync;666;668.7042300701141;0.4227769785169124;0.4235126790444056
intel14_v1;2;2;1e-06;0.95;sync;2000;2021.0928599834442;0.4843805606419796;1.2800254779895146
intel14_v1;2;2;1e-06;0.95;sync;6000;6005.008675098419;0.5726085611096718;3.8031721608956652
intel14_v1;2;2;1e-06;0.95;sync;18000;17969.00192809105;0.6715688387838412;11.380367887790998
intel14_v1;1;2;0.0001;0.99;sync;222;239.52046298980713;0.46443339269936945;0.07584814661343892
intel14_v1;1;2;0.0001;0.99;sync;666;667.9362118244171;0.4736846460307678;0.21151313374439873
intel14_v1;1;2;0.0001;0.99;sync;2000;2005.4069859981537;0.5226798698043877;0.635045545566082
intel14_v1;1;2;0.0001;0.99;sync;6000;6000.971066951752;0.6994025777021938;1.9003075045347213
intel14_v1;1;2;0.0001;0.99;sync;18000;17972.910639047623;0.8595841245577184;5.69142170236508
intel14_v1;1;1;0.0001;0.99;sync;222;230.02319502830505;0.08670123554834176;0.07284067842562993
intel14_v1;1;1;0.0001;0.99;sync;666;673.4051280021667;0.26183828975650864;0.21324495720068612
intel14_v1;1;1;0.0001;0.99;sync;2000;2009.7019350528717;0.471368450079528;0.6364056127667427
intel14_v1;1;1;0.0001;0.99;sync;6000;6007.782587051392;0.709831626798876;1.9024644858996071
intel14_v1;1;1;0.0001;0.99;sync;18000;17978.305193185806;0.8898439938499709;5.693129977842172
intel14_v1;1;2;1e-05;0.99;sync;222;241.05002617835999;0.33756189415310495;0.07633250828981399
intel14_v1;1;2;1e-05;0.99;sync;666;671.648285150528;0.36555065697373396;0.2126886236310005
intel14_v1;1;2;1e-05;0.99;sync;2000;2019.5777151584625;0.45637560496092483;0.639532943133513
intel14_v1;1;2;1e-05;0.99;sync;6000;6027.231587171555;0.5534156497658805;1.9086233359376588
intel14_v1;1;2;1e-05;0.99;sync;18000;17958.250100135803;0.6768449589876849;5.686779198376337
